modelo,ventana,epoca,loss,val_loss
base,12,1,0.21685998141765594,0.1763574779033661
base,12,2,0.17844045162200928,0.17888996005058289
base,12,3,0.17251843214035034,0.18256530165672302
base,12,4,0.17022396624088287,0.18423329293727875
base,12,5,0.16886544227600098,0.18531258404254913
base,12,6,0.16661621630191803,0.17696675658226013
base,12,7,0.16302059590816498,0.1778024286031723
base,12,8,0.15941210091114044,0.17706260085105896
base,12,9,0.15790478885173798,0.1803068071603775
base,12,10,0.1567045897245407,0.17878760397434235
base,12,11,0.15588301420211792,0.17744962871074677
profunda,12,1,0.24110695719718933,0.17975008487701416
profunda,12,2,0.19478283822536469,0.18077044188976288
profunda,12,3,0.1861032247543335,0.16670864820480347
profunda,12,4,0.18102671205997467,0.1658456176519394
profunda,12,5,0.1767595112323761,0.17021048069000244
profunda,12,6,0.1742318719625473,0.1707002967596054
profunda,12,7,0.17171379923820496,0.16834872961044312
profunda,12,8,0.17044684290885925,0.161942720413208
profunda,12,9,0.1685609072446823,0.17177267372608185
profunda,12,10,0.16890928149223328,0.17086802423000336
profunda,12,11,0.16593126952648163,0.1743309050798416
profunda,12,12,0.16543172299861908,0.17327331006526947
profunda,12,13,0.1649591028690338,0.17289966344833374
profunda,12,14,0.16337333619594574,0.17634975910186768
profunda,12,15,0.16323472559452057,0.1802712082862854
profunda,12,16,0.16120611131191254,0.18977230787277222
profunda,12,17,0.15894554555416107,0.19124336540699005
profunda,12,18,0.15730994939804077,0.18913689255714417
propuesta,12,1,0.26527294516563416,0.20603308081626892
propuesta,12,2,0.2251778244972229,0.17807969450950623
propuesta,12,3,0.20333601534366608,0.18196949362754822
propuesta,12,4,0.19813601672649384,0.17222900688648224
propuesta,12,5,0.19293701648712158,0.17280979454517365
propuesta,12,6,0.1864573359489441,0.17860686779022217
propuesta,12,7,0.1849135458469391,0.17543424665927887
propuesta,12,8,0.1851702630519867,0.17558316886425018
propuesta,12,9,0.18267574906349182,0.1749635934829712
propuesta,12,10,0.18015559017658234,0.16849397122859955
propuesta,12,11,0.17743565142154694,0.17604246735572815
propuesta,12,12,0.1775600016117096,0.17657478153705597
propuesta,12,13,0.17408131062984467,0.17285101115703583
propuesta,12,14,0.17664678394794464,0.17736755311489105
propuesta,12,15,0.17403724789619446,0.17118941247463226
propuesta,12,16,0.175012469291687,0.17168010771274567
propuesta,12,17,0.17350856959819794,0.17457284033298492
propuesta,12,18,0.17315857112407684,0.1894945651292801
propuesta,12,19,0.17258085310459137,0.18720580637454987
propuesta,12,20,0.16916382312774658,0.18507280945777893
base,24,1,0.2260473370552063,0.1810356229543686
base,24,2,0.1812860667705536,0.17926208674907684
base,24,3,0.1739020049571991,0.18112532794475555
base,24,4,0.17051230370998383,0.18414105474948883
base,24,5,0.16821376979351044,0.18622224032878876
base,24,6,0.16628214716911316,0.18626391887664795
base,24,7,0.1642424613237381,0.18846911191940308
base,24,8,0.16209563612937927,0.187065988779068
base,24,9,0.15968239307403564,0.18608228862285614
base,24,10,0.15746921300888062,0.18488432466983795
base,24,11,0.15611864626407623,0.18619151413440704
base,24,12,0.15516480803489685,0.18424488604068756
profunda,24,1,0.24171847105026245,0.18962247669696808
profunda,24,2,0.19371220469474792,0.18299637734889984
profunda,24,3,0.18658636510372162,0.17873388528823853
profunda,24,4,0.18167074024677277,0.1739603728055954
profunda,24,5,0.17495019733905792,0.17057546973228455
profunda,24,6,0.17298154532909393,0.16907256841659546
profunda,24,7,0.17228351533412933,0.16965670883655548
profunda,24,8,0.17032985389232635,0.17159903049468994
profunda,24,9,0.17054706811904907,0.1730547845363617
profunda,24,10,0.1692361682653427,0.16771815717220306
profunda,24,11,0.1675584614276886,0.16662278771400452
profunda,24,12,0.16780003905296326,0.16769376397132874
profunda,24,13,0.16619457304477692,0.17437435686588287
profunda,24,14,0.16541750729084015,0.18046806752681732
profunda,24,15,0.1646379828453064,0.1830066591501236
profunda,24,16,0.16288310289382935,0.18292750418186188
profunda,24,17,0.1636522114276886,0.19031760096549988
profunda,24,18,0.16279290616512299,0.18124541640281677
profunda,24,19,0.15996870398521423,0.17786681652069092
profunda,24,20,0.15758603811264038,0.18545310199260712
profunda,24,21,0.15537233650684357,0.1946745365858078
propuesta,24,1,0.25579866766929626,0.21556486189365387
propuesta,24,2,0.2255847156047821,0.2137575000524521
propuesta,24,3,0.20602577924728394,0.17717532813549042
propuesta,24,4,0.19832588732242584,0.1740952730178833
propuesta,24,5,0.19300834834575653,0.1896449476480484
propuesta,24,6,0.1909421682357788,0.17440366744995117
propuesta,24,7,0.18548078835010529,0.18114492297172546
propuesta,24,8,0.183275505900383,0.18114620447158813
propuesta,24,9,0.18220427632331848,0.18162766098976135
propuesta,24,10,0.1820344179868698,0.17227312922477722
propuesta,24,11,0.17833440005779266,0.1741081178188324
propuesta,24,12,0.17783112823963165,0.17040695250034332
propuesta,24,13,0.17794089019298553,0.18052417039871216
propuesta,24,14,0.17722593247890472,0.17383357882499695
propuesta,24,15,0.17423440515995026,0.17937071621418
propuesta,24,16,0.17604172229766846,0.18400388956069946
propuesta,24,17,0.17388220131397247,0.18739454448223114
propuesta,24,18,0.171498641371727,0.18059952557086945
propuesta,24,19,0.16916082799434662,0.197518453001976
propuesta,24,20,0.17746350169181824,0.18194125592708588
propuesta,24,21,0.17277002334594727,0.1745021790266037
propuesta,24,22,0.16662436723709106,0.1803913116455078
base,48,1,0.22480560839176178,0.1711304932832718
base,48,2,0.18075717985630035,0.16690070927143097
base,48,3,0.17399048805236816,0.16931216418743134
base,48,4,0.1709502935409546,0.1712685227394104
base,48,5,0.16883407533168793,0.17192137241363525
base,48,6,0.16695038974285126,0.17145299911499023
base,48,7,0.16508467495441437,0.1723281890153885
base,48,8,0.16436907649040222,0.1708984524011612
base,48,9,0.1618102490901947,0.16937783360481262
base,48,10,0.1602952629327774,0.16818656027317047
base,48,11,0.15854384005069733,0.1683458834886551
base,48,12,0.15715977549552917,0.16844972968101501
profunda,48,1,0.24623210728168488,0.17588438093662262
profunda,48,2,0.19567380845546722,0.17281275987625122
profunda,48,3,0.18796981871128082,0.17174552381038666
profunda,48,4,0.18251924216747284,0.16434790194034576
profunda,48,5,0.1789073944091797,0.16555383801460266
profunda,48,6,0.1770692765712738,0.1636296957731247
profunda,48,7,0.1747695356607437,0.16357435286045074
profunda,48,8,0.17265582084655762,0.16522915661334991
profunda,48,9,0.17330628633499146,0.16477440297603607
profunda,48,10,0.17234088480472565,0.1655900925397873
profunda,48,11,0.17118287086486816,0.16567152738571167
profunda,48,12,0.16983167827129364,0.1641966700553894
profunda,48,13,0.16786740720272064,0.16392675042152405
profunda,48,14,0.16775628924369812,0.16813617944717407
profunda,48,15,0.16506053507328033,0.16702033579349518
profunda,48,16,0.16471125185489655,0.17844688892364502
profunda,48,17,0.16975972056388855,0.17176520824432373
propuesta,48,1,0.26567164063453674,0.21659323573112488
propuesta,48,2,0.22157752513885498,0.19157278537750244
propuesta,48,3,0.2096443772315979,0.1751728504896164
propuesta,48,4,0.20378835499286652,0.16630876064300537
propuesta,48,5,0.19756771624088287,0.17253898084163666
propuesta,48,6,0.19542266428470612,0.17597387731075287
propuesta,48,7,0.19267895817756653,0.17201705276966095
propuesta,48,8,0.1899949312210083,0.17015372216701508
propuesta,48,9,0.1874111443758011,0.17460262775421143
propuesta,48,10,0.18296876549720764,0.177181214094162
propuesta,48,11,0.18286025524139404,0.16479051113128662
propuesta,48,12,0.18283580243587494,0.1658051759004593
propuesta,48,13,0.17873425781726837,0.17079998552799225
propuesta,48,14,0.18043315410614014,0.1768898218870163
propuesta,48,15,0.180642232298851,0.1719835102558136
propuesta,48,16,0.17823953926563263,0.18553422391414642
propuesta,48,17,0.17744702100753784,0.17679162323474884
propuesta,48,18,0.17382913827896118,0.17146718502044678
propuesta,48,19,0.1697443127632141,0.17657579481601715
propuesta,48,20,0.17341266572475433,0.17941759526729584
propuesta,48,21,0.1728239804506302,0.17131152749061584
