Modelo,Ventana,MAE,MSE,RMSE,MAPE,R²,Épocas
base,12,29.78413194356739,1677.8958271686786,40.96212674127991,5.319592722653108,0.7608423572692091,11
profunda,12,28.192312119441507,1546.867302489191,39.33023394907779,5.033276699979534,0.7795184112800934,18
propuesta,12,33.5647735769824,1992.3300249165009,44.635524248254335,5.953395064331627,0.7160247110782596,20
base,24,27.95726364327275,1543.698726274443,39.28993161452999,5.037506729039464,0.7799700419511171,12
profunda,24,31.761713456726653,1858.3801020505173,43.10893297276699,5.68369831794497,0.7351171644224321,21
propuesta,24,36.48746661987537,2270.429819978103,47.649027481975985,6.548194939843804,0.6763859621440789,22
base,48,25.10710424377511,1319.010789214262,36.3181881323155,4.553576281047008,0.8119957711455404,12
profunda,48,31.751810392348563,1872.2721834106462,43.26976061189438,5.6272591876558025,0.7331370668639806,17
propuesta,48,35.69734013710878,2179.9334603232815,46.689757552629054,6.341066255701189,0.6892847939430027,21
