modelo,ventana,epocas,tiempo_segundos,mejor_val_loss
base,12,11,13.25284439999814,0.1763574779033661
profunda,12,18,49.2643250000001,0.161942720413208
propuesta,12,20,47.49352809999982,0.16849397122859955
base,24,12,18.603956299997662,0.17926208674907684
profunda,24,21,88.77408519999881,0.16662278771400452
propuesta,24,22,99.6990111999985,0.17040695250034332
base,48,12,31.93866530000014,0.16690070927143097
profunda,48,17,144.49869780000154,0.16357435286045074
propuesta,48,21,165.78673660000277,0.16479051113128662
